INSERT INTO lolik_web.yazik (`yazik_kod`, `opisanie`) VALUES ('ru', 'русский');
INSERT INTO lolik_web.yazik (`yazik_kod`, `opisanie`) VALUES ('es', 'castellano');
INSERT INTO lolik_web.yazik (`yazik_kod`, `opisanie`) VALUES ('en', 'english');

INSERT INTO lolik_web.lolik_web (`lolik_web_kod`, `opisanie`, `yazik_kod`) VALUES (1, 'Русская интернет страница', 'ru');
INSERT INTO lolik_web.lolik_web (`lolik_web_kod`, `opisanie`, `yazik_kod`) VALUES (2, 'Pagina en castellano', 'es');
INSERT INTO lolik_web.lolik_web (`lolik_web_kod`, `opisanie`, `yazik_kod`) VALUES (3, 'English page', 'en');

INSERT INTO lolik_web.tip_razdela (`tip_razdela_kod`, `nazvanie`) VALUES (1, 'Главная');
INSERT INTO lolik_web.tip_razdela (`tip_razdela_kod`, `nazvanie`) VALUES (2, 'Биография');
INSERT INTO lolik_web.tip_razdela (`tip_razdela_kod`, `nazvanie`) VALUES (3, 'Проекты');
INSERT INTO lolik_web.tip_razdela (`tip_razdela_kod`, `nazvanie`) VALUES (4, 'Музыка');
INSERT INTO lolik_web.tip_razdela (`tip_razdela_kod`, `nazvanie`) VALUES (5, 'Галерея');
INSERT INTO lolik_web.tip_razdela (`tip_razdela_kod`, `nazvanie`) VALUES (6, 'Видео');
INSERT INTO lolik_web.tip_razdela (`tip_razdela_kod`, `nazvanie`) VALUES (7, 'Контакт');

INSERT INTO lolik_web.razdel (`razdel_kod`,`tip_razdela_kod`,`lolik_web_kod`,`opisanie`) VALUES (1,  1, 1, 'Русский Раздел: Главный');
INSERT INTO lolik_web.razdel (`razdel_kod`,`tip_razdela_kod`,`lolik_web_kod`,`opisanie`) VALUES (2,  2, 1, 'Русский Раздел: Биография');
INSERT INTO lolik_web.razdel (`razdel_kod`,`tip_razdela_kod`,`lolik_web_kod`,`opisanie`) VALUES (3,  3, 1, 'Русский Раздел: Проекты');
INSERT INTO lolik_web.razdel (`razdel_kod`,`tip_razdela_kod`,`lolik_web_kod`,`opisanie`) VALUES (4,  4, 1, 'Русский Раздел: Музыка');
INSERT INTO lolik_web.razdel (`razdel_kod`,`tip_razdela_kod`,`lolik_web_kod`,`opisanie`) VALUES (5,  5, 1, 'Русский Раздел: Галерея');
INSERT INTO lolik_web.razdel (`razdel_kod`,`tip_razdela_kod`,`lolik_web_kod`,`opisanie`) VALUES (6,  6, 1, 'Русский Раздел: Видео');
INSERT INTO lolik_web.razdel (`razdel_kod`,`tip_razdela_kod`,`lolik_web_kod`,`opisanie`) VALUES (7,  7, 1, 'Русский Раздел: Контакт');
INSERT INTO lolik_web.razdel (`razdel_kod`,`tip_razdela_kod`,`lolik_web_kod`,`opisanie`) VALUES (8,  1, 2, 'Seccion en castellano: Principal');
INSERT INTO lolik_web.razdel (`razdel_kod`,`tip_razdela_kod`,`lolik_web_kod`,`opisanie`) VALUES (9,  2, 2, 'Seccion en castellano: Biografia');
INSERT INTO lolik_web.razdel (`razdel_kod`,`tip_razdela_kod`,`lolik_web_kod`,`opisanie`) VALUES (10, 3, 2, 'Seccion en castellano: Proyectos');
INSERT INTO lolik_web.razdel (`razdel_kod`,`tip_razdela_kod`,`lolik_web_kod`,`opisanie`) VALUES (11, 4, 2, 'Seccion en castellano: Musica');
INSERT INTO lolik_web.razdel (`razdel_kod`,`tip_razdela_kod`,`lolik_web_kod`,`opisanie`) VALUES (12, 5, 2, 'Seccion en castellano: Galeria');
INSERT INTO lolik_web.razdel (`razdel_kod`,`tip_razdela_kod`,`lolik_web_kod`,`opisanie`) VALUES (13, 6, 2, 'Seccion en castellano: Video');
INSERT INTO lolik_web.razdel (`razdel_kod`,`tip_razdela_kod`,`lolik_web_kod`,`opisanie`) VALUES (14, 7, 2, 'Seccion en castellano: Contacto');
INSERT INTO lolik_web.razdel (`razdel_kod`,`tip_razdela_kod`,`lolik_web_kod`,`opisanie`) VALUES (15, 1, 3, 'English section: Home');
INSERT INTO lolik_web.razdel (`razdel_kod`,`tip_razdela_kod`,`lolik_web_kod`,`opisanie`) VALUES (16, 2, 3, 'English section: Biography');
INSERT INTO lolik_web.razdel (`razdel_kod`,`tip_razdela_kod`,`lolik_web_kod`,`opisanie`) VALUES (17, 3, 3, 'English section: Projects');
INSERT INTO lolik_web.razdel (`razdel_kod`,`tip_razdela_kod`,`lolik_web_kod`,`opisanie`) VALUES (18, 4, 3, 'English section: Music');
INSERT INTO lolik_web.razdel (`razdel_kod`,`tip_razdela_kod`,`lolik_web_kod`,`opisanie`) VALUES (19, 5, 3, 'English section: Gallery');
INSERT INTO lolik_web.razdel (`razdel_kod`,`tip_razdela_kod`,`lolik_web_kod`,`opisanie`) VALUES (20, 6, 3, 'English section: Video');
INSERT INTO lolik_web.razdel (`razdel_kod`,`tip_razdela_kod`,`lolik_web_kod`,`opisanie`) VALUES (21, 7, 3, 'English section: Contact');

INSERT INTO lolik_web.razdel_muzika (`razdel_kod`) VALUES (4);
INSERT INTO lolik_web.razdel_muzika (`razdel_kod`) VALUES (11);
INSERT INTO lolik_web.razdel_muzika (`razdel_kod`) VALUES (18);

INSERT INTO lolik_web.muzikalnii_albom (`muzikalnii_albom_id`, `razdel_kod`, `data_vipuska`, `gruppa`, `integranti`, `nazvanie`, `opisanie`, `format`, `razmer`, `cena`, `ssilka_oblozhka`, `ssilka_oblozhka_malenkaia`, `ssilka_fail`) VALUES (1, 4,  '2008-01-01', 'Дуо Лелека', 'Ольга Шурпенкова<br/>Себастьян Якимчук',           'Дуо Лелека', 'Описание альмома Дуо Лелека',				'МП3 320кб/с', '127.47', '5.00', 'img/diskLeleka/lolik-lelekaCD.jpg', 'img/diskLeleka/lolik-lelekaCD-m.jpg', '/muzikalniiAlbomi/leleka2011.rar');
INSERT INTO lolik_web.muzikalnii_albom (`muzikalnii_albom_id`, `razdel_kod`, `data_vipuska`, `gruppa`, `integranti`, `nazvanie`, `opisanie`, `format`, `razmer`, `cena`, `ssilka_oblozhka`, `ssilka_oblozhka_malenkaia`, `ssilka_fail`) VALUES (2, 11, '2008-01-01', 'Duo Leleka', 'Olga Pinchuk-Shurpenkova<br/>Sebastian Jakimczuk', 'Duo Leleka', 'Descripción del album: Duo Leleka',	    'MP3 320kbps', '127.47', '5.00', 'img/diskLeleka/lolik-lelekaCD.jpg', 'img/diskLeleka/lolik-lelekaCD-m.jpg', '/muzikalniiAlbomi/leleka2011.rar');
INSERT INTO lolik_web.muzikalnii_albom (`muzikalnii_albom_id`, `razdel_kod`, `data_vipuska`, `gruppa`, `integranti`, `nazvanie`, `opisanie`, `format`, `razmer`, `cena`, `ssilka_oblozhka`, `ssilka_oblozhka_malenkaia`, `ssilka_fail`) VALUES (3, 18, '2008-01-01', 'Duo Leleka', 'Olga Pinchuk-Shurpenkova<br/>Sebastian Jakimczuk', 'Duo Leleka', 'Description of the album: Duo Leleka',	'MP3 320kbps', '127.47', '5.00', 'img/diskLeleka/lolik-lelekaCD.jpg', 'img/diskLeleka/lolik-lelekaCD-m.jpg', '/muzikalniiAlbomi/leleka2011.rar');

INSERT INTO lolik_web.kompozicia (`kompozicia_id`, `muzikalnii_albom_id`, `kompozitor`, `proizvedenie`, `nazvanie`, `prodolzhitelnost`) VALUES (1, 1, 'Хосе Гил',			'Соната',							'I. Введение: Андантино Модерато', '3:56');
INSERT INTO lolik_web.kompozicia (`kompozicia_id`, `muzikalnii_albom_id`, `kompozitor`, `proizvedenie`, `nazvanie`, `prodolzhitelnost`) VALUES (2, 1, 'Хосе Гил',			'Соната',							'II. Цилито: Весёлый', '2:56');
INSERT INTO lolik_web.kompozicia (`kompozicia_id`, `muzikalnii_albom_id`, `kompozitor`, `proizvedenie`, `nazvanie`, `prodolzhitelnost`) VALUES (3, 1, 'Хосе Гил',			'Соната',							'III. Рондо: Виваче', '4:09');
INSERT INTO lolik_web.kompozicia (`kompozicia_id`, `muzikalnii_albom_id`, `kompozitor`, `proizvedenie`, `nazvanie`, `prodolzhitelnost`) VALUES (4, 1, 'Луис Гианнэо',		'Соната ',							'I. Весело не троппо', '8:12');
INSERT INTO lolik_web.kompozicia (`kompozicia_id`, `muzikalnii_albom_id`, `kompozitor`, `proizvedenie`, `nazvanie`, `prodolzhitelnost`) VALUES (5, 1, 'Луис Гианнэо',		'Соната ',							'II. Медленно', '6:07');
INSERT INTO lolik_web.kompozicia (`kompozicia_id`, `muzikalnii_albom_id`, `kompozitor`, `proizvedenie`, `nazvanie`, `prodolzhitelnost`) VALUES (6, 1, 'Луис Гианнэо',		'Соната ',							'III. Весело щерзандо', '4:28');
INSERT INTO lolik_web.kompozicia (`kompozicia_id`, `muzikalnii_albom_id`, `kompozitor`, `proizvedenie`, `nazvanie`, `prodolzhitelnost`) VALUES (7, 1, 'Альберто Гинастера', 'Пампеана №1',						'I. Медленно и не в ритме', '4:01');
INSERT INTO lolik_web.kompozicia (`kompozicia_id`, `muzikalnii_albom_id`, `kompozitor`, `proizvedenie`, `nazvanie`, `prodolzhitelnost`) VALUES (8, 1, 'Альберто Гинастера', 'Пампеана №1', 						'II. Весело', '4:24');
INSERT INTO lolik_web.kompozicia (`kompozicia_id`, `muzikalnii_albom_id`, `kompozitor`, `proizvedenie`, `nazvanie`, `prodolzhitelnost`) VALUES (9, 1, 'Д. С. Кобиан.', 		'Кадикамо', 						'Обрыгавшиеся (танго)', '2:32');
INSERT INTO lolik_web.kompozicia (`kompozicia_id`, `muzikalnii_albom_id`, `kompozitor`, `proizvedenie`, `nazvanie`, `prodolzhitelnost`) VALUES (10, 2, 'Jose Gil', 			'Sonatina', 						'I. Introduccion: Andantino Moderato', '3:56');
INSERT INTO lolik_web.kompozicia (`kompozicia_id`, `muzikalnii_albom_id`, `kompozitor`, `proizvedenie`, `nazvanie`, `prodolzhitelnost`) VALUES (11, 2, 'Jose Gil', 			'Sonatina', 						'II. Cielito: Allegro', '2:56');
INSERT INTO lolik_web.kompozicia (`kompozicia_id`, `muzikalnii_albom_id`, `kompozitor`, `proizvedenie`, `nazvanie`, `prodolzhitelnost`) VALUES (12, 2, 'Jose Gil', 			'Sonatina', 						'III. Rondo: Vivache', '4:09');
INSERT INTO lolik_web.kompozicia (`kompozicia_id`, `muzikalnii_albom_id`, `kompozitor`, `proizvedenie`, `nazvanie`, `prodolzhitelnost`) VALUES (13, 2, 'Luis Gianneo', 		'Sonata',							'I. Allegro non troppo', '8:12');
INSERT INTO lolik_web.kompozicia (`kompozicia_id`, `muzikalnii_albom_id`, `kompozitor`, `proizvedenie`, `nazvanie`, `prodolzhitelnost`) VALUES (14, 2, 'Luis Gianneo', 		'Sonata',							'II. Lento', '6:07');
INSERT INTO lolik_web.kompozicia (`kompozicia_id`, `muzikalnii_albom_id`, `kompozitor`, `proizvedenie`, `nazvanie`, `prodolzhitelnost`) VALUES (15, 2, 'Luis Gianneo', 		'Sonata',							'III. Allegro scherzando', '4:28');
INSERT INTO lolik_web.kompozicia (`kompozicia_id`, `muzikalnii_albom_id`, `kompozitor`, `proizvedenie`, `nazvanie`, `prodolzhitelnost`) VALUES (16, 2, 'Alberto Ginastera', 'Pampeana №1',						'I. Lento e liberamente ritmato', '4:01');
INSERT INTO lolik_web.kompozicia (`kompozicia_id`, `muzikalnii_albom_id`, `kompozitor`, `proizvedenie`, `nazvanie`, `prodolzhitelnost`) VALUES (17, 2, 'Alberto Ginastera', 'Pampeana №1',						'II. Allegro', '4:24');
INSERT INTO lolik_web.kompozicia (`kompozicia_id`, `muzikalnii_albom_id`, `kompozitor`, `proizvedenie`, `nazvanie`, `prodolzhitelnost`) VALUES (18, 2, 'J.C. Cobian/E. Cadicamo', NULL,		 					'Los mareados (tango - bonus track)', '2:32');
INSERT INTO lolik_web.kompozicia (`kompozicia_id`, `muzikalnii_albom_id`, `kompozitor`, `proizvedenie`, `nazvanie`, `prodolzhitelnost`) VALUES (19, 3, 'Jose Gil', 			'Sonatina', 						'I. Introduction: Andantino Moderate', '3:56');
INSERT INTO lolik_web.kompozicia (`kompozicia_id`, `muzikalnii_albom_id`, `kompozitor`, `proizvedenie`, `nazvanie`, `prodolzhitelnost`) VALUES (20, 3, 'Jose Gil', 			'Sonatina', 						'II. Cielito: Happy', '2:56');
INSERT INTO lolik_web.kompozicia (`kompozicia_id`, `muzikalnii_albom_id`, `kompozitor`, `proizvedenie`, `nazvanie`, `prodolzhitelnost`) VALUES (21, 3, 'Jose Gil', 			'Sonatina', 						'III. Rondo: Vivache', '4:09');
INSERT INTO lolik_web.kompozicia (`kompozicia_id`, `muzikalnii_albom_id`, `kompozitor`, `proizvedenie`, `nazvanie`, `prodolzhitelnost`) VALUES (22, 3, 'Luis Gianneo', 		'Sonata',							'I. Happy non troppo', '8:12');
INSERT INTO lolik_web.kompozicia (`kompozicia_id`, `muzikalnii_albom_id`, `kompozitor`, `proizvedenie`, `nazvanie`, `prodolzhitelnost`) VALUES (23, 3, 'Luis Gianneo', 		'Sonata',							'II. Slow', '6:07');
INSERT INTO lolik_web.kompozicia (`kompozicia_id`, `muzikalnii_albom_id`, `kompozitor`, `proizvedenie`, `nazvanie`, `prodolzhitelnost`) VALUES (24, 3, 'Luis Gianneo', 		'Sonata',							'III. Happy scherzando', '4:28');
INSERT INTO lolik_web.kompozicia (`kompozicia_id`, `muzikalnii_albom_id`, `kompozitor`, `proizvedenie`, `nazvanie`, `prodolzhitelnost`) VALUES (25, 3, 'Alberto Ginastera', 'Pampeana №1',						'I. Lento e liberamente ritmato', '4:01');
INSERT INTO lolik_web.kompozicia (`kompozicia_id`, `muzikalnii_albom_id`, `kompozitor`, `proizvedenie`, `nazvanie`, `prodolzhitelnost`) VALUES (26, 3, 'Alberto Ginastera', 'Pampeana №1',						'II. Happy', '4:24');
INSERT INTO lolik_web.kompozicia (`kompozicia_id`, `muzikalnii_albom_id`, `kompozitor`, `proizvedenie`, `nazvanie`, `prodolzhitelnost`) VALUES (27, 3, 'J.C. Cobian/E. Cadicamo', NULL,		 					'The sickness (tango - bonus track)', '2:32');

INSERT INTO lolik_web.razdel_fotografii (`razdel_kod`) VALUES (5);
INSERT INTO lolik_web.razdel_fotografii (`razdel_kod`) VALUES (12);
INSERT INTO lolik_web.razdel_fotografii (`razdel_kod`) VALUES (19);

INSERT INTO lolik_web.albom (`nazvanie`, `opisanie`, `ssilka`, `razdel_kod`) VALUES ('Концерты',				'2005-2011 год',	'img/albomKoncerti/albomKoncerti.jpg', 5);
INSERT INTO lolik_web.albom (`nazvanie`, `opisanie`, `ssilka`, `razdel_kod`) VALUES ('Conciertos',				'Año 2005-2011',	'img/albomKoncerti/albomKoncerti.jpg', 12);
INSERT INTO lolik_web.albom (`nazvanie`, `opisanie`, `ssilka`, `razdel_kod`) VALUES ('Concerts', 				'Year 2005-2011',	'img/albomKoncerti/albomKoncerti.jpg', 19);
INSERT INTO lolik_web.albom (`nazvanie`, `opisanie`, `ssilka`, `razdel_kod`) VALUES ('Разные Фотографии',		'2000-2011 год',	'img/albomRaznie/albomRaznie.jpg', 5);
INSERT INTO lolik_web.albom (`nazvanie`, `opisanie`, `ssilka`, `razdel_kod`) VALUES ('Varias Fotografias',		'Año 2000-2011',	'img/albomRaznie/albomRaznie.jpg', 12);
INSERT INTO lolik_web.albom (`nazvanie`, `opisanie`, `ssilka`, `razdel_kod`) VALUES ('Random Photographies',	'Year 2000-2011',	'img/albomRaznie/albomRaznie.jpg', 19);

INSERT INTO lolik_web.fotografia (`aktivnaia`, `opisanie`,  `ssilka`, `ssilka_malenkaia`, `albom_id`) VALUES (1, 'Описание Фото 1',			'img/albomKoncerti/2000-La-UMSArg.jpg', 					'img/albomKoncerti/2000-La-UMSArg_m.jpg', (select albom_id from lolik_web.albom where nazvanie = 'Концерты'));
INSERT INTO lolik_web.fotografia (`aktivnaia`, `opisanie`,  `ssilka`, `ssilka_malenkaia`, `albom_id`) VALUES (1, 'Описание Фото 2',			'img/albomKoncerti/2000-gira-europa-1.jpg', 				'img/albomKoncerti/2000-gira-europa-1_m.jpg', (select albom_id from lolik_web.albom where nazvanie = 'Концерты'));
INSERT INTO lolik_web.fotografia (`aktivnaia`, `opisanie`,  `ssilka`, `ssilka_malenkaia`, `albom_id`) VALUES (1, 'Описание Фото 3',			'img/albomKoncerti/2000-gira-europa-2.jpg', 				'img/albomKoncerti/2000-gira-europa-2_m.jpg', (select albom_id from lolik_web.albom where nazvanie = 'Концерты'));
INSERT INTO lolik_web.fotografia (`aktivnaia`, `opisanie`,  `ssilka`, `ssilka_malenkaia`, `albom_id`) VALUES (1, 'Описание Фото 4',			'img/albomKoncerti/2004-F-de-D-Impresionista.jpg', 			'img/albomKoncerti/2004-F-de-D-Impresionista_m.jpg', (select albom_id from lolik_web.albom where nazvanie = 'Концерты'));
INSERT INTO lolik_web.fotografia (`aktivnaia`, `opisanie`,  `ssilka`, `ssilka_malenkaia`, `albom_id`) VALUES (1, 'Описание Фото 5',			'img/albomKoncerti/2005DSCF3104.jpg', 						'img/albomKoncerti/2005DSCF3104_m.jpg', (select albom_id from lolik_web.albom where nazvanie = 'Концерты'));
INSERT INTO lolik_web.fotografia (`aktivnaia`, `opisanie`,  `ssilka`, `ssilka_malenkaia`, `albom_id`) VALUES (1, 'Описание Фото 6',			'img/albomKoncerti/2006-caras-2.jpg', 						'img/albomKoncerti/2006-caras-2_m.jpg', (select albom_id from lolik_web.albom where nazvanie = 'Концерты'));
INSERT INTO lolik_web.fotografia (`aktivnaia`, `opisanie`,  `ssilka`, `ssilka_malenkaia`, `albom_id`) VALUES (1, 'Описание Фото 7',			'img/albomKoncerti/2007-LelekaKoncertSession019small.jpg', 	'img/albomKoncerti/2007-LelekaKoncertSession019small_m.jpg', (select albom_id from lolik_web.albom where nazvanie = 'Концерты'));
INSERT INTO lolik_web.fotografia (`aktivnaia`, `opisanie`,  `ssilka`, `ssilka_malenkaia`, `albom_id`) VALUES (1, 'Описание Фото 8',			'img/albomKoncerti/2007-LelekaKoncertSession033small.jpg', 	'img/albomKoncerti/2007-LelekaKoncertSession033small_m.jpg', (select albom_id from lolik_web.albom where nazvanie = 'Концерты'));
INSERT INTO lolik_web.fotografia (`aktivnaia`, `opisanie`,  `ssilka`, `ssilka_malenkaia`, `albom_id`) VALUES (1, 'Описание Фото 9',			'img/albomKoncerti/2007-LelekaKoncertSession039small.jpg', 	'img/albomKoncerti/2007-LelekaKoncertSession039small_m.jpg', (select albom_id from lolik_web.albom where nazvanie = 'Концерты'));
INSERT INTO lolik_web.fotografia (`aktivnaia`, `opisanie`,  `ssilka`, `ssilka_malenkaia`, `albom_id`) VALUES (1, 'Описание Фото 10',		'img/albomKoncerti/2008-Joshua-Belll.jpg', 					'img/albomKoncerti/2008-Joshua-Belll_m.jpg', (select albom_id from lolik_web.albom where nazvanie = 'Концерты'));
INSERT INTO lolik_web.fotografia (`aktivnaia`, `opisanie`,  `ssilka`, `ssilka_malenkaia`, `albom_id`) VALUES (1, 'Описание Фото 11',		'img/albomKoncerti/2008-Olga-030_resize.jpg', 				'img/albomKoncerti/2008-Olga-030_resize_m.jpg', (select albom_id from lolik_web.albom where nazvanie = 'Концерты'));
INSERT INTO lolik_web.fotografia (`aktivnaia`, `opisanie`,  `ssilka`, `ssilka_malenkaia`, `albom_id`) VALUES (1, 'Описание Фото 12',		'img/albomKoncerti/2008-Olga-111_resize.jpg', 				'img/albomKoncerti/2008-Olga-111_resize_m.jpg', (select albom_id from lolik_web.albom where nazvanie = 'Концерты'));
INSERT INTO lolik_web.fotografia (`aktivnaia`, `opisanie`,  `ssilka`, `ssilka_malenkaia`, `albom_id`) VALUES (1, 'Описание Фото 13',		'img/albomKoncerti/2009-IMG_2791.jpg', 						'img/albomKoncerti/2009-IMG_2791_m.jpg', (select albom_id from lolik_web.albom where nazvanie = 'Концерты'));
INSERT INTO lolik_web.fotografia (`aktivnaia`, `opisanie`,  `ssilka`, `ssilka_malenkaia`, `albom_id`) VALUES (1, 'Описание Фото 14',		'img/albomKoncerti/2010-IMG_3382.jpg', 						'img/albomKoncerti/2010-IMG_3382_m.jpg', (select albom_id from lolik_web.albom where nazvanie = 'Концерты'));
INSERT INTO lolik_web.fotografia (`aktivnaia`, `opisanie`,  `ssilka`, `ssilka_malenkaia`, `albom_id`) VALUES (1, 'Описание Фото 15',		'img/albomKoncerti/2010-IMG_5139.jpg', 						'img/albomKoncerti/2010-IMG_5139_m.jpg', (select albom_id from lolik_web.albom where nazvanie = 'Концерты'));
INSERT INTO lolik_web.fotografia (`aktivnaia`, `opisanie`,  `ssilka`, `ssilka_malenkaia`, `albom_id`) VALUES (1, 'Описание Фото 16',		'img/albomKoncerti/2010-IMG_5145.jpg', 						'img/albomKoncerti/2010-IMG_5145_m.jpg', (select albom_id from lolik_web.albom where nazvanie = 'Концерты'));
INSERT INTO lolik_web.fotografia (`aktivnaia`, `opisanie`,  `ssilka`, `ssilka_malenkaia`, `albom_id`) VALUES (1, 'Описание Фото 17',		'img/albomKoncerti/2011-FOTOS-GI-BARILO-(11).jpg', 			'img/albomKoncerti/2011-FOTOS-GI-BARILO-(11)_m.jpg', (select albom_id from lolik_web.albom where nazvanie = 'Концерты'));
INSERT INTO lolik_web.fotografia (`aktivnaia`, `opisanie`,  `ssilka`, `ssilka_malenkaia`, `albom_id`) VALUES (1, 'Описание Фото 18',		'img/albomKoncerti/2011-IMG_2008a.jpg', 					'img/albomKoncerti/2011-IMG_2008a_m.jpg', (select albom_id from lolik_web.albom where nazvanie = 'Концерты'));
INSERT INTO lolik_web.fotografia (`aktivnaia`, `opisanie`,  `ssilka`, `ssilka_malenkaia`, `albom_id`) VALUES (1, 'Описание Фото 19',		'img/albomKoncerti/2011-IMG_2023a.jpg', 					'img/albomKoncerti/2011-IMG_2023a_m.jpg', (select albom_id from lolik_web.albom where nazvanie = 'Концерты'));
INSERT INTO lolik_web.fotografia (`aktivnaia`, `opisanie`,  `ssilka`, `ssilka_malenkaia`, `albom_id`) VALUES (1, 'Описание Фото 20',		'img/albomKoncerti/2011-IMG_6436.jpg', 						'img/albomKoncerti/2011-IMG_6436_m.jpg', (select albom_id from lolik_web.albom where nazvanie = 'Концерты'));
INSERT INTO lolik_web.fotografia (`aktivnaia`, `opisanie`,  `ssilka`, `ssilka_malenkaia`, `albom_id`) VALUES (1, 'Описание Фото 21',		'img/albomKoncerti/2011-IMG_6438.jpg', 						'img/albomKoncerti/2011-IMG_6438_m.jpg', (select albom_id from lolik_web.albom where nazvanie = 'Концерты'));
INSERT INTO lolik_web.fotografia (`aktivnaia`, `opisanie`,  `ssilka`, `ssilka_malenkaia`, `albom_id`) VALUES (1, '2000 - Universidad del Museo Social Argentino',  	'img/albomKoncerti/2000-La-UMSArg.jpg', 					'img/albomKoncerti/2000-La-UMSArg_m.jpg', 						(select albom_id from lolik_web.albom where nazvanie = 'Conciertos'));
INSERT INTO lolik_web.fotografia (`aktivnaia`, `opisanie`,  `ssilka`, `ssilka_malenkaia`, `albom_id`) VALUES (1, '2000 - Orquesta Academica del Teatco Colon',  	'img/albomKoncerti/2000-gira-europa-1.jpg', 				'img/albomKoncerti/2000-gira-europa-1_m.jpg', 					(select albom_id from lolik_web.albom where nazvanie = 'Conciertos'));
INSERT INTO lolik_web.fotografia (`aktivnaia`, `opisanie`,  `ssilka`, `ssilka_malenkaia`, `albom_id`) VALUES (1, '2000 - Orquesta Academica del Teatco Colon',  	'img/albomKoncerti/2000-gira-europa-2.jpg', 				'img/albomKoncerti/2000-gira-europa-2_m.jpg', 					(select albom_id from lolik_web.albom where nazvanie = 'Conciertos'));
INSERT INTO lolik_web.fotografia (`aktivnaia`, `opisanie`,  `ssilka`, `ssilka_malenkaia`, `albom_id`) VALUES (1, '2004 - Facultad de Derecho',  	'img/albomKoncerti/2004-F-de-D-Impresionista.jpg', 			'img/albomKoncerti/2004-F-de-D-Impresionista_m.jpg', 			(select albom_id from lolik_web.albom where nazvanie = 'Conciertos'));
INSERT INTO lolik_web.fotografia (`aktivnaia`, `opisanie`,  `ssilka`, `ssilka_malenkaia`, `albom_id`) VALUES (1, '2005 - Colegio de Escribanos de Lomas de Zamora',  	'img/albomKoncerti/2005DSCF3104.jpg', 						'img/albomKoncerti/2005DSCF3104_m.jpg', 						(select albom_id from lolik_web.albom where nazvanie = 'Conciertos'));
INSERT INTO lolik_web.fotografia (`aktivnaia`, `opisanie`,  `ssilka`, `ssilka_malenkaia`, `albom_id`) VALUES (1, '2006 - Revista Caras',  	'img/albomKoncerti/2006-caras-2.jpg', 						'img/albomKoncerti/2006-caras-2_m.jpg', 						(select albom_id from lolik_web.albom where nazvanie = 'Conciertos'));
INSERT INTO lolik_web.fotografia (`aktivnaia`, `opisanie`,  `ssilka`, `ssilka_malenkaia`, `albom_id`) VALUES (1, '2007 - Salon Dorado de la Casa de La Cultura',  	'img/albomKoncerti/2007-LelekaKoncertSession019small.jpg', 	'img/albomKoncerti/2007-LelekaKoncertSession019small_m.jpg', 	(select albom_id from lolik_web.albom where nazvanie = 'Conciertos'));
INSERT INTO lolik_web.fotografia (`aktivnaia`, `opisanie`,  `ssilka`, `ssilka_malenkaia`, `albom_id`) VALUES (1, '2007 - Salon Dorado de la Casa de La Cultura',  	'img/albomKoncerti/2007-LelekaKoncertSession033small.jpg', 	'img/albomKoncerti/2007-LelekaKoncertSession033small_m.jpg', 	(select albom_id from lolik_web.albom where nazvanie = 'Conciertos'));
INSERT INTO lolik_web.fotografia (`aktivnaia`, `opisanie`,  `ssilka`, `ssilka_malenkaia`, `albom_id`) VALUES (1, '2007 - Salon Dorado de la Casa de La Cultura',  	'img/albomKoncerti/2007-LelekaKoncertSession039small.jpg', 	'img/albomKoncerti/2007-LelekaKoncertSession039small_m.jpg', 	(select albom_id from lolik_web.albom where nazvanie = 'Conciertos'));
INSERT INTO lolik_web.fotografia (`aktivnaia`, `opisanie`,  `ssilka`, `ssilka_malenkaia`, `albom_id`) VALUES (1, '2008 - Joshua Bell',		'img/albomKoncerti/2008-Joshua-Belll.jpg', 					'img/albomKoncerti/2008-Joshua-Belll_m.jpg', 					(select albom_id from lolik_web.albom where nazvanie = 'Conciertos'));
INSERT INTO lolik_web.fotografia (`aktivnaia`, `opisanie`,  `ssilka`, `ssilka_malenkaia`, `albom_id`) VALUES (1, '2008 - Teatro Argentino de la Plata, Sala Astor Piazzolla',		'img/albomKoncerti/2008-Olga-030_resize.jpg', 				'img/albomKoncerti/2008-Olga-030_resize_m.jpg', 				(select albom_id from lolik_web.albom where nazvanie = 'Conciertos'));
INSERT INTO lolik_web.fotografia (`aktivnaia`, `opisanie`,  `ssilka`, `ssilka_malenkaia`, `albom_id`) VALUES (1, '2008 - Teatro Argentino de la Plata, Sala Astor Piazzolla',		'img/albomKoncerti/2008-Olga-111_resize.jpg', 				'img/albomKoncerti/2008-Olga-111_resize_m.jpg', 				(select albom_id from lolik_web.albom where nazvanie = 'Conciertos'));
INSERT INTO lolik_web.fotografia (`aktivnaia`, `opisanie`,  `ssilka`, `ssilka_malenkaia`, `albom_id`) VALUES (1, '2009 - Tatiana Kachanova',		'img/albomKoncerti/2009-IMG_2791.jpg', 						'img/albomKoncerti/2009-IMG_2791_m.jpg', 						(select albom_id from lolik_web.albom where nazvanie = 'Conciertos'));
INSERT INTO lolik_web.fotografia (`aktivnaia`, `opisanie`,  `ssilka`, `ssilka_malenkaia`, `albom_id`) VALUES (1, '2010 - Uruguay, Richard Clayderman',		'img/albomKoncerti/2010-IMG_3382.jpg', 						'img/albomKoncerti/2010-IMG_3382_m.jpg', 						(select albom_id from lolik_web.albom where nazvanie = 'Conciertos'));
INSERT INTO lolik_web.fotografia (`aktivnaia`, `opisanie`,  `ssilka`, `ssilka_malenkaia`, `albom_id`) VALUES (1, '2010 - Luna Park, Orquesta Estable del Teatro Agrentino de La PLata',		'img/albomKoncerti/2010-IMG_5139.jpg', 						'img/albomKoncerti/2010-IMG_5139_m.jpg', 						(select albom_id from lolik_web.albom where nazvanie = 'Conciertos'));
INSERT INTO lolik_web.fotografia (`aktivnaia`, `opisanie`,  `ssilka`, `ssilka_malenkaia`, `albom_id`) VALUES (1, '2010 - Luna Park, Orquesta Estable del Teatro Agrentino de La PLata',		'img/albomKoncerti/2010-IMG_5145.jpg', 						'img/albomKoncerti/2010-IMG_5145_m.jpg', 						(select albom_id from lolik_web.albom where nazvanie = 'Conciertos'));
INSERT INTO lolik_web.fotografia (`aktivnaia`, `opisanie`,  `ssilka`, `ssilka_malenkaia`, `albom_id`) VALUES (1, '2011 - Bariloche, Orquesta Llao Llao',		'img/albomKoncerti/2011-FOTOS-GI-BARILO-(11).jpg', 			'img/albomKoncerti/2011-FOTOS-GI-BARILO-(11)_m.jpg', 			(select albom_id from lolik_web.albom where nazvanie = 'Conciertos'));
INSERT INTO lolik_web.fotografia (`aktivnaia`, `opisanie`,  `ssilka`, `ssilka_malenkaia`, `albom_id`) VALUES (1, '2011 - Duo de Tango',		'img/albomKoncerti/2011-IMG_2008a.jpg', 					'img/albomKoncerti/2011-IMG_2008a_m.jpg', 						(select albom_id from lolik_web.albom where nazvanie = 'Conciertos'));
INSERT INTO lolik_web.fotografia (`aktivnaia`, `opisanie`,  `ssilka`, `ssilka_malenkaia`, `albom_id`) VALUES (1, '2011 - Duo de Tango',		'img/albomKoncerti/2011-IMG_2023a.jpg', 					'img/albomKoncerti/2011-IMG_2023a_m.jpg', 						(select albom_id from lolik_web.albom where nazvanie = 'Conciertos'));
INSERT INTO lolik_web.fotografia (`aktivnaia`, `opisanie`,  `ssilka`, `ssilka_malenkaia`, `albom_id`) VALUES (1, '2011 - Bariloche, Cuarteto de Cuerdas',		'img/albomKoncerti/2011-IMG_6436.jpg', 						'img/albomKoncerti/2011-IMG_6436_m.jpg', 						(select albom_id from lolik_web.albom where nazvanie = 'Conciertos'));
INSERT INTO lolik_web.fotografia (`aktivnaia`, `opisanie`,  `ssilka`, `ssilka_malenkaia`, `albom_id`) VALUES (1, '2011 - Bariloche, Evita',		'img/albomKoncerti/2011-IMG_6438.jpg', 						'img/albomKoncerti/2011-IMG_6438_m.jpg', 						(select albom_id from lolik_web.albom where nazvanie = 'Conciertos'));
INSERT INTO lolik_web.fotografia (`aktivnaia`, `opisanie`,  `ssilka`, `ssilka_malenkaia`, `albom_id`) VALUES (1, 'Description of Photo 1',	'img/albomKoncerti/2000-La-UMSArg.jpg', 					'img/albomKoncerti/2000-La-UMSArg_m.jpg', (select albom_id from lolik_web.albom where nazvanie = 'Concerts'));
INSERT INTO lolik_web.fotografia (`aktivnaia`, `opisanie`,  `ssilka`, `ssilka_malenkaia`, `albom_id`) VALUES (1, 'Description of Photo 2',	'img/albomKoncerti/2000-gira-europa-1.jpg', 				'img/albomKoncerti/2000-gira-europa-1_m.jpg', (select albom_id from lolik_web.albom where nazvanie = 'Concerts'));
INSERT INTO lolik_web.fotografia (`aktivnaia`, `opisanie`,  `ssilka`, `ssilka_malenkaia`, `albom_id`) VALUES (1, 'Description of Photo 3',	'img/albomKoncerti/2000-gira-europa-2.jpg', 				'img/albomKoncerti/2000-gira-europa-2_m.jpg', (select albom_id from lolik_web.albom where nazvanie = 'Concerts'));
INSERT INTO lolik_web.fotografia (`aktivnaia`, `opisanie`,  `ssilka`, `ssilka_malenkaia`, `albom_id`) VALUES (1, 'Description of Photo 4',	'img/albomKoncerti/2004-F-de-D-Impresionista.jpg', 			'img/albomKoncerti/2004-F-de-D-Impresionista_m.jpg', (select albom_id from lolik_web.albom where nazvanie = 'Concerts'));
INSERT INTO lolik_web.fotografia (`aktivnaia`, `opisanie`,  `ssilka`, `ssilka_malenkaia`, `albom_id`) VALUES (1, 'Description of Photo 5',	'img/albomKoncerti/2005DSCF3104.jpg', 						'img/albomKoncerti/2005DSCF3104_m.jpg', (select albom_id from lolik_web.albom where nazvanie = 'Concerts'));
INSERT INTO lolik_web.fotografia (`aktivnaia`, `opisanie`,  `ssilka`, `ssilka_malenkaia`, `albom_id`) VALUES (1, 'Description of Photo 6',	'img/albomKoncerti/2006-caras-2.jpg', 						'img/albomKoncerti/2006-caras-2_m.jpg', (select albom_id from lolik_web.albom where nazvanie = 'Concerts'));
INSERT INTO lolik_web.fotografia (`aktivnaia`, `opisanie`,  `ssilka`, `ssilka_malenkaia`, `albom_id`) VALUES (1, 'Description of Photo 7',	'img/albomKoncerti/2007-LelekaKoncertSession019small.jpg', 	'img/albomKoncerti/2007-LelekaKoncertSession019small_m.jpg', (select albom_id from lolik_web.albom where nazvanie = 'Concerts'));
INSERT INTO lolik_web.fotografia (`aktivnaia`, `opisanie`,  `ssilka`, `ssilka_malenkaia`, `albom_id`) VALUES (1, 'Description of Photo 8',	'img/albomKoncerti/2007-LelekaKoncertSession033small.jpg', 	'img/albomKoncerti/2007-LelekaKoncertSession033small_m.jpg', (select albom_id from lolik_web.albom where nazvanie = 'Concerts'));
INSERT INTO lolik_web.fotografia (`aktivnaia`, `opisanie`,  `ssilka`, `ssilka_malenkaia`, `albom_id`) VALUES (1, 'Description of Photo 9',	'img/albomKoncerti/2007-LelekaKoncertSession039small.jpg', 	'img/albomKoncerti/2007-LelekaKoncertSession039small_m.jpg', (select albom_id from lolik_web.albom where nazvanie = 'Concerts'));
INSERT INTO lolik_web.fotografia (`aktivnaia`, `opisanie`,  `ssilka`, `ssilka_malenkaia`, `albom_id`) VALUES (1, 'Description of Photo 10',	'img/albomKoncerti/2008-Joshua-Belll.jpg', 					'img/albomKoncerti/2008-Joshua-Belll_m.jpg', (select albom_id from lolik_web.albom where nazvanie = 'Concerts'));
INSERT INTO lolik_web.fotografia (`aktivnaia`, `opisanie`,  `ssilka`, `ssilka_malenkaia`, `albom_id`) VALUES (1, 'Description of Photo 11',	'img/albomKoncerti/2008-Olga-030_resize.jpg', 				'img/albomKoncerti/2008-Olga-030_resize_m.jpg', (select albom_id from lolik_web.albom where nazvanie = 'Concerts'));
INSERT INTO lolik_web.fotografia (`aktivnaia`, `opisanie`,  `ssilka`, `ssilka_malenkaia`, `albom_id`) VALUES (1, 'Description of Photo 12',	'img/albomKoncerti/2008-Olga-111_resize.jpg', 				'img/albomKoncerti/2008-Olga-111_resize_m.jpg', (select albom_id from lolik_web.albom where nazvanie = 'Concerts'));
INSERT INTO lolik_web.fotografia (`aktivnaia`, `opisanie`,  `ssilka`, `ssilka_malenkaia`, `albom_id`) VALUES (1, 'Description of Photo 13',	'img/albomKoncerti/2009-IMG_2791.jpg', 						'img/albomKoncerti/2009-IMG_2791_m.jpg', (select albom_id from lolik_web.albom where nazvanie = 'Concerts'));
INSERT INTO lolik_web.fotografia (`aktivnaia`, `opisanie`,  `ssilka`, `ssilka_malenkaia`, `albom_id`) VALUES (1, 'Description of Photo 14',	'img/albomKoncerti/2010-IMG_3382.jpg', 						'img/albomKoncerti/2010-IMG_3382_m.jpg', (select albom_id from lolik_web.albom where nazvanie = 'Concerts'));
INSERT INTO lolik_web.fotografia (`aktivnaia`, `opisanie`,  `ssilka`, `ssilka_malenkaia`, `albom_id`) VALUES (1, 'Description of Photo 15',	'img/albomKoncerti/2010-IMG_5139.jpg', 						'img/albomKoncerti/2010-IMG_5139_m.jpg', (select albom_id from lolik_web.albom where nazvanie = 'Concerts'));
INSERT INTO lolik_web.fotografia (`aktivnaia`, `opisanie`,  `ssilka`, `ssilka_malenkaia`, `albom_id`) VALUES (1, 'Description of Photo 16',	'img/albomKoncerti/2010-IMG_5145.jpg', 						'img/albomKoncerti/2010-IMG_5145_m.jpg', (select albom_id from lolik_web.albom where nazvanie = 'Concerts'));
INSERT INTO lolik_web.fotografia (`aktivnaia`, `opisanie`,  `ssilka`, `ssilka_malenkaia`, `albom_id`) VALUES (1, 'Description of Photo 17',	'img/albomKoncerti/2011-FOTOS-GI-BARILO-(11).jpg', 			'img/albomKoncerti/2011-FOTOS-GI-BARILO-(11)_m.jpg', (select albom_id from lolik_web.albom where nazvanie = 'Concerts'));
INSERT INTO lolik_web.fotografia (`aktivnaia`, `opisanie`,  `ssilka`, `ssilka_malenkaia`, `albom_id`) VALUES (1, 'Description of Photo 18',	'img/albomKoncerti/2011-IMG_2008a.jpg', 					'img/albomKoncerti/2011-IMG_2008a_m.jpg', (select albom_id from lolik_web.albom where nazvanie = 'Concerts'));
INSERT INTO lolik_web.fotografia (`aktivnaia`, `opisanie`,  `ssilka`, `ssilka_malenkaia`, `albom_id`) VALUES (1, 'Description of Photo 19',	'img/albomKoncerti/2011-IMG_2023a.jpg', 					'img/albomKoncerti/2011-IMG_2023a_m.jpg', (select albom_id from lolik_web.albom where nazvanie = 'Concerts'));
INSERT INTO lolik_web.fotografia (`aktivnaia`, `opisanie`,  `ssilka`, `ssilka_malenkaia`, `albom_id`) VALUES (1, 'Description of Photo 20',	'img/albomKoncerti/2011-IMG_6436.jpg', 						'img/albomKoncerti/2011-IMG_6436_m.jpg', (select albom_id from lolik_web.albom where nazvanie = 'Concerts'));
INSERT INTO lolik_web.fotografia (`aktivnaia`, `opisanie`,  `ssilka`, `ssilka_malenkaia`, `albom_id`) VALUES (1, 'Description of Photo 21',	'img/albomKoncerti/2011-IMG_6438.jpg', 						'img/albomKoncerti/2011-IMG_6438_m.jpg', (select albom_id from lolik_web.albom where nazvanie = 'Concerts'));

INSERT INTO lolik_web.fotografia (`aktivnaia`, `opisanie`,  `ssilka`, `ssilka_malenkaia`, `albom_id`) VALUES (1, 'Описание Фото 1',			'img/albomRaznie/Olga-Pinchuk_023.jpg',				'img/albomRaznie/Olga-Pinchuk_023_m.jpg', 			(select albom_id from lolik_web.albom where nazvanie = 'Разные Фотографии'));
INSERT INTO lolik_web.fotografia (`aktivnaia`, `opisanie`,  `ssilka`, `ssilka_malenkaia`, `albom_id`) VALUES (1, 'Описание Фото 2',			'img/albomRaznie/Olga-Pinchuk_034.jpg',				'img/albomRaznie/Olga-Pinchuk_034_m.jpg', 			(select albom_id from lolik_web.albom where nazvanie = 'Разные Фотографии'));
INSERT INTO lolik_web.fotografia (`aktivnaia`, `opisanie`,  `ssilka`, `ssilka_malenkaia`, `albom_id`) VALUES (1, 'Описание Фото 3',			'img/albomRaznie/Olga-Pinchuk_036.jpg',				'img/albomRaznie/Olga-Pinchuk_036_m.jpg', 			(select albom_id from lolik_web.albom where nazvanie = 'Разные Фотографии'));
INSERT INTO lolik_web.fotografia (`aktivnaia`, `opisanie`,  `ssilka`, `ssilka_malenkaia`, `albom_id`) VALUES (1, 'Описание Фото 4',			'img/albomRaznie/Olga-Pinchuk_075.jpg',				'img/albomRaznie/Olga-Pinchuk_075_m.jpg', 			(select albom_id from lolik_web.albom where nazvanie = 'Разные Фотографии'));
INSERT INTO lolik_web.fotografia (`aktivnaia`, `opisanie`,  `ssilka`, `ssilka_malenkaia`, `albom_id`) VALUES (1, 'Описание Фото 5',			'img/albomRaznie/Olga-Pinchuk_077.jpg',				'img/albomRaznie/Olga-Pinchuk_077_m.jpg', 			(select albom_id from lolik_web.albom where nazvanie = 'Разные Фотографии'));
INSERT INTO lolik_web.fotografia (`aktivnaia`, `opisanie`,  `ssilka`, `ssilka_malenkaia`, `albom_id`) VALUES (1, 'Описание Фото 6',			'img/albomRaznie/Olga-Pinchuk_090.jpg',				'img/albomRaznie/Olga-Pinchuk_090_m.jpg', 			(select albom_id from lolik_web.albom where nazvanie = 'Разные Фотографии'));
INSERT INTO lolik_web.fotografia (`aktivnaia`, `opisanie`,  `ssilka`, `ssilka_malenkaia`, `albom_id`) VALUES (1, 'Описание Фото 7',			'img/albomRaznie/Olga-Pinchuk_096.jpg',				'img/albomRaznie/Olga-Pinchuk_096_m.jpg', 			(select albom_id from lolik_web.albom where nazvanie = 'Разные Фотографии'));
INSERT INTO lolik_web.fotografia (`aktivnaia`, `opisanie`,  `ssilka`, `ssilka_malenkaia`, `albom_id`) VALUES (1, 'Описание Фото 8',			'img/albomRaznie/2005-LolikSession01a.jpg', 		'img/albomRaznie/2005-LolikSession01a_m.jpg',		(select albom_id from lolik_web.albom where nazvanie = 'Разные Фотографии'));
INSERT INTO lolik_web.fotografia (`aktivnaia`, `opisanie`,  `ssilka`, `ssilka_malenkaia`, `albom_id`) VALUES (1, 'Описание Фото 9',			'img/albomRaznie/BachLolikSession007.jpg',			'img/albomRaznie/BachLolikSession007_m.jpg', 		(select albom_id from lolik_web.albom where nazvanie = 'Разные Фотографии'));
INSERT INTO lolik_web.fotografia (`aktivnaia`, `opisanie`,  `ssilka`, `ssilka_malenkaia`, `albom_id`) VALUES (1, 'Описание Фото 10',		'img/albomRaznie/BachLolikSession016.jpg',			'img/albomRaznie/BachLolikSession016_m.jpg', 		(select albom_id from lolik_web.albom where nazvanie = 'Разные Фотографии'));
INSERT INTO lolik_web.fotografia (`aktivnaia`, `opisanie`,  `ssilka`, `ssilka_malenkaia`, `albom_id`) VALUES (1, 'Описание Фото 11',		'img/albomRaznie/2007-LelekaKoncert-53small.jpg',	'img/albomRaznie/2007-LelekaKoncert-53small_m.jpg',	(select albom_id from lolik_web.albom where nazvanie = 'Разные Фотографии'));
INSERT INTO lolik_web.fotografia (`aktivnaia`, `opisanie`,  `ssilka`, `ssilka_malenkaia`, `albom_id`) VALUES (1, 'Описание Фото 12',		'img/albomRaznie/Olga-033.jpg', 					'img/albomRaznie/Olga-033_m.jpg',				 	(select albom_id from lolik_web.albom where nazvanie = 'Разные Фотографии'));
INSERT INTO lolik_web.fotografia (`aktivnaia`, `opisanie`,  `ssilka`, `ssilka_malenkaia`, `albom_id`) VALUES (1, 'Описание Фото 13',		'img/albomRaznie/Olga-075.jpg', 					'img/albomRaznie/Olga-075_m.jpg',				 	(select albom_id from lolik_web.albom where nazvanie = 'Разные Фотографии'));
INSERT INTO lolik_web.fotografia (`aktivnaia`, `opisanie`,  `ssilka`, `ssilka_malenkaia`, `albom_id`) VALUES (1, 'Описание Фото 14',		'img/albomRaznie/2008-Piazzolla-1.jpg', 			'img/albomRaznie/2008-Piazzolla-1_m.jpg', 			(select albom_id from lolik_web.albom where nazvanie = 'Разные Фотографии'));
INSERT INTO lolik_web.fotografia (`aktivnaia`, `opisanie`,  `ssilka`, `ssilka_malenkaia`, `albom_id`) VALUES (1, 'Описание Фото 15',		'img/albomRaznie/SessiaStudio_IMG_1758p.jpg', 		'img/albomRaznie/SessiaStudio_IMG_1758p_m.jpg',		(select albom_id from lolik_web.albom where nazvanie = 'Разные Фотографии'));
INSERT INTO lolik_web.fotografia (`aktivnaia`, `opisanie`,  `ssilka`, `ssilka_malenkaia`, `albom_id`) VALUES (1, 'Описание Фото 16',		'img/albomRaznie/SessiaStudio_IMG_1781p.jpg', 		'img/albomRaznie/SessiaStudio_IMG_1781p_m.jpg',		(select albom_id from lolik_web.albom where nazvanie = 'Разные Фотографии'));
INSERT INTO lolik_web.fotografia (`aktivnaia`, `opisanie`,  `ssilka`, `ssilka_malenkaia`, `albom_id`) VALUES (1, 'Описание Фото 17',		'img/albomRaznie/SessiaStudio_IMG_1793p.jpg', 		'img/albomRaznie/SessiaStudio_IMG_1793p_m.jpg',		(select albom_id from lolik_web.albom where nazvanie = 'Разные Фотографии'));
INSERT INTO lolik_web.fotografia (`aktivnaia`, `opisanie`,  `ssilka`, `ssilka_malenkaia`, `albom_id`) VALUES (1, 'Описание Фото 18',		'img/albomRaznie/SessiaStudio_IMG_1889.jpg', 		'img/albomRaznie/SessiaStudio_IMG_1889_m.jpg',  	(select albom_id from lolik_web.albom where nazvanie = 'Разные Фотографии'));
INSERT INTO lolik_web.fotografia (`aktivnaia`, `opisanie`,  `ssilka`, `ssilka_malenkaia`, `albom_id`) VALUES (1, 'Описание Фото 19',		'img/albomRaznie/SessiaStudio_IMG_1893.jpg', 		'img/albomRaznie/SessiaStudio_IMG_1893_m.jpg', 		(select albom_id from lolik_web.albom where nazvanie = 'Разные Фотографии'));
INSERT INTO lolik_web.fotografia (`aktivnaia`, `opisanie`,  `ssilka`, `ssilka_malenkaia`, `albom_id`) VALUES (1, 'Описание Фото 20',		'img/albomRaznie/SessiaStudio_IMG_1901.jpg', 		'img/albomRaznie/SessiaStudio_IMG_1901_m.jpg',  	(select albom_id from lolik_web.albom where nazvanie = 'Разные Фотографии'));
INSERT INTO lolik_web.fotografia (`aktivnaia`, `opisanie`,  `ssilka`, `ssilka_malenkaia`, `albom_id`) VALUES (1, 'Описание Фото 21',		'img/albomRaznie/SessiaStudio_IMG_2164a.jpg', 		'img/albomRaznie/SessiaStudio_IMG_2164a_m.jpg',		(select albom_id from lolik_web.albom where nazvanie = 'Разные Фотографии'));
INSERT INTO lolik_web.fotografia (`aktivnaia`, `opisanie`,  `ssilka`, `ssilka_malenkaia`, `albom_id`) VALUES (1, 'Описание Фото 22',		'img/albomRaznie/SessiaStudio_IMG_1960.jpg', 		'img/albomRaznie/SessiaStudio_IMG_1960_m.jpg', 		(select albom_id from lolik_web.albom where nazvanie = 'Разные Фотографии'));
INSERT INTO lolik_web.fotografia (`aktivnaia`, `opisanie`,  `ssilka`, `ssilka_malenkaia`, `albom_id`) VALUES (1, '2004',		'img/albomRaznie/Olga-Pinchuk_023.jpg',				'img/albomRaznie/Olga-Pinchuk_023_m.jpg', 			(select albom_id from lolik_web.albom where nazvanie = 'Varias Fotografias'));
INSERT INTO lolik_web.fotografia (`aktivnaia`, `opisanie`,  `ssilka`, `ssilka_malenkaia`, `albom_id`) VALUES (1, '2004',		'img/albomRaznie/Olga-Pinchuk_034.jpg',				'img/albomRaznie/Olga-Pinchuk_034_m.jpg', 			(select albom_id from lolik_web.albom where nazvanie = 'Varias Fotografias'));
INSERT INTO lolik_web.fotografia (`aktivnaia`, `opisanie`,  `ssilka`, `ssilka_malenkaia`, `albom_id`) VALUES (1, '2004',		'img/albomRaznie/Olga-Pinchuk_036.jpg',				'img/albomRaznie/Olga-Pinchuk_036_m.jpg', 			(select albom_id from lolik_web.albom where nazvanie = 'Varias Fotografias'));
INSERT INTO lolik_web.fotografia (`aktivnaia`, `opisanie`,  `ssilka`, `ssilka_malenkaia`, `albom_id`) VALUES (1, '2004',		'img/albomRaznie/Olga-Pinchuk_075.jpg',				'img/albomRaznie/Olga-Pinchuk_075_m.jpg', 			(select albom_id from lolik_web.albom where nazvanie = 'Varias Fotografias'));
INSERT INTO lolik_web.fotografia (`aktivnaia`, `opisanie`,  `ssilka`, `ssilka_malenkaia`, `albom_id`) VALUES (1, '2004',		'img/albomRaznie/Olga-Pinchuk_077.jpg',				'img/albomRaznie/Olga-Pinchuk_077_m.jpg', 			(select albom_id from lolik_web.albom where nazvanie = 'Varias Fotografias'));
INSERT INTO lolik_web.fotografia (`aktivnaia`, `opisanie`,  `ssilka`, `ssilka_malenkaia`, `albom_id`) VALUES (1, '2004',		'img/albomRaznie/Olga-Pinchuk_090.jpg',				'img/albomRaznie/Olga-Pinchuk_090_m.jpg', 			(select albom_id from lolik_web.albom where nazvanie = 'Varias Fotografias'));
INSERT INTO lolik_web.fotografia (`aktivnaia`, `opisanie`,  `ssilka`, `ssilka_malenkaia`, `albom_id`) VALUES (1, '2004',		'img/albomRaznie/Olga-Pinchuk_096.jpg',				'img/albomRaznie/Olga-Pinchuk_096_m.jpg', 			(select albom_id from lolik_web.albom where nazvanie = 'Varias Fotografias'));
INSERT INTO lolik_web.fotografia (`aktivnaia`, `opisanie`,  `ssilka`, `ssilka_malenkaia`, `albom_id`) VALUES (1, '2005',		'img/albomRaznie/2005-LolikSession01a.jpg', 		'img/albomRaznie/2005-LolikSession01a_m.jpg',		(select albom_id from lolik_web.albom where nazvanie = 'Varias Fotografias'));
INSERT INTO lolik_web.fotografia (`aktivnaia`, `opisanie`,  `ssilka`, `ssilka_malenkaia`, `albom_id`) VALUES (1, '2007',		'img/albomRaznie/BachLolikSession007.jpg',			'img/albomRaznie/BachLolikSession007_m.jpg', 		(select albom_id from lolik_web.albom where nazvanie = 'Varias Fotografias'));
INSERT INTO lolik_web.fotografia (`aktivnaia`, `opisanie`,  `ssilka`, `ssilka_malenkaia`, `albom_id`) VALUES (1, '2007',		'img/albomRaznie/BachLolikSession016.jpg',			'img/albomRaznie/BachLolikSession016_m.jpg', 		(select albom_id from lolik_web.albom where nazvanie = 'Varias Fotografias'));
INSERT INTO lolik_web.fotografia (`aktivnaia`, `opisanie`,  `ssilka`, `ssilka_malenkaia`, `albom_id`) VALUES (1, '2007',		'img/albomRaznie/2007-LelekaKoncert-53small.jpg',	'img/albomRaznie/2007-LelekaKoncert-53small_m.jpg',	(select albom_id from lolik_web.albom where nazvanie = 'Varias Fotografias'));
INSERT INTO lolik_web.fotografia (`aktivnaia`, `opisanie`,  `ssilka`, `ssilka_malenkaia`, `albom_id`) VALUES (1, '2007',		'img/albomRaznie/Olga-033.jpg', 					'img/albomRaznie/Olga-033_m.jpg',				 	(select albom_id from lolik_web.albom where nazvanie = 'Varias Fotografias'));
INSERT INTO lolik_web.fotografia (`aktivnaia`, `opisanie`,  `ssilka`, `ssilka_malenkaia`, `albom_id`) VALUES (1, '2007',		'img/albomRaznie/Olga-075.jpg', 					'img/albomRaznie/Olga-075_m.jpg',				 	(select albom_id from lolik_web.albom where nazvanie = 'Varias Fotografias'));
INSERT INTO lolik_web.fotografia (`aktivnaia`, `opisanie`,  `ssilka`, `ssilka_malenkaia`, `albom_id`) VALUES (1, '2008',		'img/albomRaznie/2008-Piazzolla-1.jpg', 			'img/albomRaznie/2008-Piazzolla-1_m.jpg', 			(select albom_id from lolik_web.albom where nazvanie = 'Varias Fotografias'));
INSERT INTO lolik_web.fotografia (`aktivnaia`, `opisanie`,  `ssilka`, `ssilka_malenkaia`, `albom_id`) VALUES (1, '2011',		'img/albomRaznie/SessiaStudio_IMG_1758p.jpg', 		'img/albomRaznie/SessiaStudio_IMG_1758p_m.jpg',		(select albom_id from lolik_web.albom where nazvanie = 'Varias Fotografias'));
INSERT INTO lolik_web.fotografia (`aktivnaia`, `opisanie`,  `ssilka`, `ssilka_malenkaia`, `albom_id`) VALUES (1, '2011',		'img/albomRaznie/SessiaStudio_IMG_1781p.jpg', 		'img/albomRaznie/SessiaStudio_IMG_1781p_m.jpg',		(select albom_id from lolik_web.albom where nazvanie = 'Varias Fotografias'));
INSERT INTO lolik_web.fotografia (`aktivnaia`, `opisanie`,  `ssilka`, `ssilka_malenkaia`, `albom_id`) VALUES (1, '2011',		'img/albomRaznie/SessiaStudio_IMG_1793p.jpg', 		'img/albomRaznie/SessiaStudio_IMG_1793p_m.jpg',		(select albom_id from lolik_web.albom where nazvanie = 'Varias Fotografias'));
INSERT INTO lolik_web.fotografia (`aktivnaia`, `opisanie`,  `ssilka`, `ssilka_malenkaia`, `albom_id`) VALUES (1, '2011',		'img/albomRaznie/SessiaStudio_IMG_1889.jpg', 		'img/albomRaznie/SessiaStudio_IMG_1889_m.jpg',  	(select albom_id from lolik_web.albom where nazvanie = 'Varias Fotografias'));
INSERT INTO lolik_web.fotografia (`aktivnaia`, `opisanie`,  `ssilka`, `ssilka_malenkaia`, `albom_id`) VALUES (1, '2011',		'img/albomRaznie/SessiaStudio_IMG_1893.jpg', 		'img/albomRaznie/SessiaStudio_IMG_1893_m.jpg', 		(select albom_id from lolik_web.albom where nazvanie = 'Varias Fotografias'));
INSERT INTO lolik_web.fotografia (`aktivnaia`, `opisanie`,  `ssilka`, `ssilka_malenkaia`, `albom_id`) VALUES (1, '2011',		'img/albomRaznie/SessiaStudio_IMG_1901.jpg', 		'img/albomRaznie/SessiaStudio_IMG_1901_m.jpg',  	(select albom_id from lolik_web.albom where nazvanie = 'Varias Fotografias'));
INSERT INTO lolik_web.fotografia (`aktivnaia`, `opisanie`,  `ssilka`, `ssilka_malenkaia`, `albom_id`) VALUES (1, '2011',		'img/albomRaznie/SessiaStudio_IMG_2164a.jpg', 		'img/albomRaznie/SessiaStudio_IMG_2164a_m.jpg',		(select albom_id from lolik_web.albom where nazvanie = 'Varias Fotografias'));
INSERT INTO lolik_web.fotografia (`aktivnaia`, `opisanie`,  `ssilka`, `ssilka_malenkaia`, `albom_id`) VALUES (1, '2011',		'img/albomRaznie/SessiaStudio_IMG_1960.jpg', 		'img/albomRaznie/SessiaStudio_IMG_1960_m.jpg', 		(select albom_id from lolik_web.albom where nazvanie = 'Varias Fotografias'));
INSERT INTO lolik_web.fotografia (`aktivnaia`, `opisanie`,  `ssilka`, `ssilka_malenkaia`, `albom_id`) VALUES (1, 'Description of Photo 1',		'img/albomRaznie/Olga-Pinchuk_023.jpg',				'img/albomRaznie/Olga-Pinchuk_023_m.jpg', 			(select albom_id from lolik_web.albom where nazvanie = 'Random Photographies'));
INSERT INTO lolik_web.fotografia (`aktivnaia`, `opisanie`,  `ssilka`, `ssilka_malenkaia`, `albom_id`) VALUES (1, 'Description of Photo 2',		'img/albomRaznie/Olga-Pinchuk_034.jpg',				'img/albomRaznie/Olga-Pinchuk_034_m.jpg', 			(select albom_id from lolik_web.albom where nazvanie = 'Random Photographies'));
INSERT INTO lolik_web.fotografia (`aktivnaia`, `opisanie`,  `ssilka`, `ssilka_malenkaia`, `albom_id`) VALUES (1, 'Description of Photo 3',		'img/albomRaznie/Olga-Pinchuk_036.jpg',				'img/albomRaznie/Olga-Pinchuk_036_m.jpg', 			(select albom_id from lolik_web.albom where nazvanie = 'Random Photographies'));
INSERT INTO lolik_web.fotografia (`aktivnaia`, `opisanie`,  `ssilka`, `ssilka_malenkaia`, `albom_id`) VALUES (1, 'Description of Photo 4',		'img/albomRaznie/Olga-Pinchuk_075.jpg',				'img/albomRaznie/Olga-Pinchuk_075_m.jpg', 			(select albom_id from lolik_web.albom where nazvanie = 'Random Photographies'));
INSERT INTO lolik_web.fotografia (`aktivnaia`, `opisanie`,  `ssilka`, `ssilka_malenkaia`, `albom_id`) VALUES (1, 'Description of Photo 5',		'img/albomRaznie/Olga-Pinchuk_077.jpg',				'img/albomRaznie/Olga-Pinchuk_077_m.jpg', 			(select albom_id from lolik_web.albom where nazvanie = 'Random Photographies'));
INSERT INTO lolik_web.fotografia (`aktivnaia`, `opisanie`,  `ssilka`, `ssilka_malenkaia`, `albom_id`) VALUES (1, 'Description of Photo 6',		'img/albomRaznie/Olga-Pinchuk_090.jpg',				'img/albomRaznie/Olga-Pinchuk_090_m.jpg', 			(select albom_id from lolik_web.albom where nazvanie = 'Random Photographies'));
INSERT INTO lolik_web.fotografia (`aktivnaia`, `opisanie`,  `ssilka`, `ssilka_malenkaia`, `albom_id`) VALUES (1, 'Description of Photo 7',		'img/albomRaznie/Olga-Pinchuk_096.jpg',				'img/albomRaznie/Olga-Pinchuk_096_m.jpg', 			(select albom_id from lolik_web.albom where nazvanie = 'Random Photographies'));
INSERT INTO lolik_web.fotografia (`aktivnaia`, `opisanie`,  `ssilka`, `ssilka_malenkaia`, `albom_id`) VALUES (1, 'Description of Photo 8',		'img/albomRaznie/2005-LolikSession01a.jpg', 		'img/albomRaznie/2005-LolikSession01a_m.jpg',		(select albom_id from lolik_web.albom where nazvanie = 'Random Photographies'));
INSERT INTO lolik_web.fotografia (`aktivnaia`, `opisanie`,  `ssilka`, `ssilka_malenkaia`, `albom_id`) VALUES (1, 'Description of Photo 9',		'img/albomRaznie/BachLolikSession007.jpg',			'img/albomRaznie/BachLolikSession007_m.jpg', 		(select albom_id from lolik_web.albom where nazvanie = 'Random Photographies'));
INSERT INTO lolik_web.fotografia (`aktivnaia`, `opisanie`,  `ssilka`, `ssilka_malenkaia`, `albom_id`) VALUES (1, 'Description of Photo 10',		'img/albomRaznie/BachLolikSession016.jpg',			'img/albomRaznie/BachLolikSession016_m.jpg', 		(select albom_id from lolik_web.albom where nazvanie = 'Random Photographies'));
INSERT INTO lolik_web.fotografia (`aktivnaia`, `opisanie`,  `ssilka`, `ssilka_malenkaia`, `albom_id`) VALUES (1, 'Description of Photo 11',		'img/albomRaznie/2007-LelekaKoncert-53small.jpg',	'img/albomRaznie/2007-LelekaKoncert-53small_m.jpg',	(select albom_id from lolik_web.albom where nazvanie = 'Random Photographies'));
INSERT INTO lolik_web.fotografia (`aktivnaia`, `opisanie`,  `ssilka`, `ssilka_malenkaia`, `albom_id`) VALUES (1, 'Description of Photo 12',		'img/albomRaznie/Olga-033.jpg', 					'img/albomRaznie/Olga-033_m.jpg',				 	(select albom_id from lolik_web.albom where nazvanie = 'Random Photographies'));
INSERT INTO lolik_web.fotografia (`aktivnaia`, `opisanie`,  `ssilka`, `ssilka_malenkaia`, `albom_id`) VALUES (1, 'Description of Photo 13',		'img/albomRaznie/Olga-075.jpg', 					'img/albomRaznie/Olga-075_m.jpg',				 	(select albom_id from lolik_web.albom where nazvanie = 'Random Photographies'));
INSERT INTO lolik_web.fotografia (`aktivnaia`, `opisanie`,  `ssilka`, `ssilka_malenkaia`, `albom_id`) VALUES (1, 'Description of Photo 14',		'img/albomRaznie/2008-Piazzolla-1.jpg', 			'img/albomRaznie/2008-Piazzolla-1_m.jpg', 			(select albom_id from lolik_web.albom where nazvanie = 'Random Photographies'));
INSERT INTO lolik_web.fotografia (`aktivnaia`, `opisanie`,  `ssilka`, `ssilka_malenkaia`, `albom_id`) VALUES (1, 'Description of Photo 15',		'img/albomRaznie/SessiaStudio_IMG_1758p.jpg', 		'img/albomRaznie/SessiaStudio_IMG_1758p_m.jpg',		(select albom_id from lolik_web.albom where nazvanie = 'Random Photographies'));
INSERT INTO lolik_web.fotografia (`aktivnaia`, `opisanie`,  `ssilka`, `ssilka_malenkaia`, `albom_id`) VALUES (1, 'Description of Photo 16',		'img/albomRaznie/SessiaStudio_IMG_1781p.jpg', 		'img/albomRaznie/SessiaStudio_IMG_1781p_m.jpg',		(select albom_id from lolik_web.albom where nazvanie = 'Random Photographies'));
INSERT INTO lolik_web.fotografia (`aktivnaia`, `opisanie`,  `ssilka`, `ssilka_malenkaia`, `albom_id`) VALUES (1, 'Description of Photo 17',		'img/albomRaznie/SessiaStudio_IMG_1793p.jpg', 		'img/albomRaznie/SessiaStudio_IMG_1793p_m.jpg',		(select albom_id from lolik_web.albom where nazvanie = 'Random Photographies'));
INSERT INTO lolik_web.fotografia (`aktivnaia`, `opisanie`,  `ssilka`, `ssilka_malenkaia`, `albom_id`) VALUES (1, 'Description of Photo 18',		'img/albomRaznie/SessiaStudio_IMG_1889.jpg', 		'img/albomRaznie/SessiaStudio_IMG_1889_m.jpg',  	(select albom_id from lolik_web.albom where nazvanie = 'Random Photographies'));
INSERT INTO lolik_web.fotografia (`aktivnaia`, `opisanie`,  `ssilka`, `ssilka_malenkaia`, `albom_id`) VALUES (1, 'Description of Photo 19',		'img/albomRaznie/SessiaStudio_IMG_1893.jpg', 		'img/albomRaznie/SessiaStudio_IMG_1893_m.jpg', 		(select albom_id from lolik_web.albom where nazvanie = 'Random Photographies'));
INSERT INTO lolik_web.fotografia (`aktivnaia`, `opisanie`,  `ssilka`, `ssilka_malenkaia`, `albom_id`) VALUES (1, 'Description of Photo 20',		'img/albomRaznie/SessiaStudio_IMG_1901.jpg', 		'img/albomRaznie/SessiaStudio_IMG_1901_m.jpg',  	(select albom_id from lolik_web.albom where nazvanie = 'Random Photographies'));
INSERT INTO lolik_web.fotografia (`aktivnaia`, `opisanie`,  `ssilka`, `ssilka_malenkaia`, `albom_id`) VALUES (1, 'Description of Photo 21',		'img/albomRaznie/SessiaStudio_IMG_2164a.jpg', 		'img/albomRaznie/SessiaStudio_IMG_2164a_m.jpg',		(select albom_id from lolik_web.albom where nazvanie = 'Random Photographies'));
INSERT INTO lolik_web.fotografia (`aktivnaia`, `opisanie`,  `ssilka`, `ssilka_malenkaia`, `albom_id`) VALUES (1, 'Description of Photo 22',		'img/albomRaznie/SessiaStudio_IMG_1960.jpg', 		'img/albomRaznie/SessiaStudio_IMG_1960_m.jpg', 		(select albom_id from lolik_web.albom where nazvanie = 'Random Photographies'));

INSERT INTO lolik_web.razdel_video (`razdel_kod`) VALUES (6);
INSERT INTO lolik_web.razdel_video (`razdel_kod`) VALUES (13);
INSERT INTO lolik_web.razdel_video (`razdel_kod`) VALUES (20);

INSERT INTO lolik_web.video_klip (`aktivnii`, `nazvanie`, `opisanie`, `ssilka`, `razdel_kod`) VALUES (1, 'Лелека - Дебюсси', 'Соната для скрипки и пианино.',		'http://www.youtube.com/v/BeUAkSwVflw', 6);
INSERT INTO lolik_web.video_klip (`aktivnii`, `nazvanie`, `opisanie`, `ssilka`, `razdel_kod`) VALUES (1, 'Leleka - Debussy', 'Sonata para violin y piano.',			'http://www.youtube.com/v/BeUAkSwVflw', 13);
INSERT INTO lolik_web.video_klip (`aktivnii`, `nazvanie`, `opisanie`, `ssilka`, `razdel_kod`) VALUES (1, 'Leleka - Debussy', 'Sonata for violin and piano.',		'http://www.youtube.com/v/BeUAkSwVflw', 20);
INSERT INTO lolik_web.video_klip (`aktivnii`, `nazvanie`, `opisanie`, `ssilka`, `razdel_kod`) VALUES (1, 'Лелека - Дебюсси', 'Видео записано в 2008 году.',			'http://www.youtube.com/v/rnD9n258j9o', 6);
INSERT INTO lolik_web.video_klip (`aktivnii`, `nazvanie`, `opisanie`, `ssilka`, `razdel_kod`) VALUES (1, 'Leleka - Debussy', 'Video fue grabado en el año 2008.',	'http://www.youtube.com/v/rnD9n258j9o', 13);
INSERT INTO lolik_web.video_klip (`aktivnii`, `nazvanie`, `opisanie`, `ssilka`, `razdel_kod`) VALUES (1, 'Leleka - Debussy', 'Video was shoot in the 2008.',		'http://www.youtube.com/v/rnD9n258j9o', 20);

INSERT INTO lolik_web.znachenie (`znachenie_kod`,`chislo`,`opisanie`) VALUES (1, 1, 'Один');
INSERT INTO lolik_web.znachenie (`znachenie_kod`,`chislo`,`opisanie`) VALUES (2, 2, 'Два');
INSERT INTO lolik_web.znachenie (`znachenie_kod`,`chislo`,`opisanie`) VALUES (3, 3, 'Три');
INSERT INTO lolik_web.znachenie (`znachenie_kod`,`chislo`,`opisanie`) VALUES (4, 4, 'Четыре');
INSERT INTO lolik_web.znachenie (`znachenie_kod`,`chislo`,`opisanie`) VALUES (5, 5, 'Пять');

INSERT INTO `lolik_web`.`opros` (`opros_id`, `aktivnii`, `mono_otvet`, `nachalo`,  `konec`, `lolik_web_kod`, `opisanie`) VALUES (1, 1, 1, CURRENT_TIMESTAMP, NULL,  1, 'Что Вам нравится на этом сайте?');
INSERT INTO `lolik_web`.`opros` (`opros_id`, `aktivnii`, `mono_otvet`, `nachalo`,  `konec`, `lolik_web_kod`, `opisanie`) VALUES (2, 1, 1, CURRENT_TIMESTAMP, NULL,  2, 'Que les gusta en este sitio?');
INSERT INTO `lolik_web`.`opros` (`opros_id`, `aktivnii`, `mono_otvet`, `nachalo`,  `konec`, `lolik_web_kod`, `opisanie`) VALUES (3, 1, 1, CURRENT_TIMESTAMP, NULL,  3, 'What do you like in this site?');

INSERT INTO `lolik_web`.`vopros` (`vopros_id`, `opros_id`, `tekst`) VALUES (1,  1, 'Фиолетовый цвет');
INSERT INTO `lolik_web`.`vopros` (`vopros_id`, `opros_id`, `tekst`) VALUES (2,  1, 'Общий дизайн');
INSERT INTO `lolik_web`.`vopros` (`vopros_id`, `opros_id`, `tekst`) VALUES (3,  1, 'Интерактивность');
INSERT INTO `lolik_web`.`vopros` (`vopros_id`, `opros_id`, `tekst`) VALUES (4,  1, 'Доступная информация');
INSERT INTO `lolik_web`.`vopros` (`vopros_id`, `opros_id`, `tekst`) VALUES (5,  1, 'Возможность купить МП3');
INSERT INTO `lolik_web`.`vopros` (`vopros_id`, `opros_id`, `tekst`) VALUES (6,  1, 'Фотографии и видео');
INSERT INTO `lolik_web`.`vopros` (`vopros_id`, `opros_id`, `tekst`) VALUES (7,  2, 'Color Violeta');
INSERT INTO `lolik_web`.`vopros` (`vopros_id`, `opros_id`, `tekst`) VALUES (8,  2, 'Diseño del sitio');
INSERT INTO `lolik_web`.`vopros` (`vopros_id`, `opros_id`, `tekst`) VALUES (9,  2, 'Interactividad del sitio');
INSERT INTO `lolik_web`.`vopros` (`vopros_id`, `opros_id`, `tekst`) VALUES (10, 2, 'Informacion disponible');
INSERT INTO `lolik_web`.`vopros` (`vopros_id`, `opros_id`, `tekst`) VALUES (11, 2, 'Posibilidad de comprar MP3');
INSERT INTO `lolik_web`.`vopros` (`vopros_id`, `opros_id`, `tekst`) VALUES (12, 2, 'Fotografias y video');
INSERT INTO `lolik_web`.`vopros` (`vopros_id`, `opros_id`, `tekst`) VALUES (13, 3, 'Violet color');
INSERT INTO `lolik_web`.`vopros` (`vopros_id`, `opros_id`, `tekst`) VALUES (14, 3, 'Design of this site');
INSERT INTO `lolik_web`.`vopros` (`vopros_id`, `opros_id`, `tekst`) VALUES (15, 3, 'Interactivity');
INSERT INTO `lolik_web`.`vopros` (`vopros_id`, `opros_id`, `tekst`) VALUES (16, 3, 'Information');
INSERT INTO `lolik_web`.`vopros` (`vopros_id`, `opros_id`, `tekst`) VALUES (17, 3, 'Possibility to buy MP3');
INSERT INTO `lolik_web`.`vopros` (`vopros_id`, `opros_id`, `tekst`) VALUES (18, 3, 'Photographies and videos');

INSERT INTO `lolik_web`.`tranzakcia_sostoianie` (`tranzakcia_sostoianie_kod`, `opisanie`) VALUES (1, 'Начало транзакции');
INSERT INTO `lolik_web`.`tranzakcia_sostoianie` (`tranzakcia_sostoianie_kod`, `opisanie`) VALUES (2, 'Введена информация транзакции');
INSERT INTO `lolik_web`.`tranzakcia_sostoianie` (`tranzakcia_sostoianie_kod`, `opisanie`) VALUES (3, 'Транзакция подтверждена');
INSERT INTO `lolik_web`.`tranzakcia_sostoianie` (`tranzakcia_sostoianie_kod`, `opisanie`) VALUES (4, 'Транзакция успешно закончина');
INSERT INTO `lolik_web`.`tranzakcia_sostoianie` (`tranzakcia_sostoianie_kod`, `opisanie`) VALUES (5, 'Отмена транзакции');
INSERT INTO `lolik_web`.`tranzakcia_sostoianie` (`tranzakcia_sostoianie_kod`, `opisanie`) VALUES (6, 'Ошибка в транзакции');
INSERT INTO `lolik_web`.`tranzakcia_sostoianie` (`tranzakcia_sostoianie_kod`, `opisanie`) VALUES (7, 'Критическая ошибка в транзакции');

INSERT INTO `lolik_web`.`parametr_sistemi` (`parametr_sistemi_id`, `kluch`, `znachenie`, `opisanie`) VALUES (1, 'ПП_СЛК', 'f139c42948edd63d4dac84a624a6193595b309b98759d6d59a9075a4e6066cd61d9bc47d8d9adcbc0ec7e0daaf13f44362a7469496d91c622418e1f771fe92757b3b0dcf65e5664ca2290943d9932fc6', 'ПП_СЛК');
INSERT INTO `lolik_web`.`parametr_sistemi` (`parametr_sistemi_id`, `kluch`, `znachenie`, `opisanie`) VALUES (2, 'ПП_ПЛЬ', '8f192a6ff442196c7619bed345dab2d9961c6b8dca7f97274b94c4edf92877720aca71f9c788c96037e172af6d1a7531', 'ПП_ПЛЬ');
INSERT INTO `lolik_web`.`parametr_sistemi` (`parametr_sistemi_id`, `kluch`, `znachenie`, `opisanie`) VALUES (3, 'ПП_ПРЬ', 'b696ac56b988b906ebf8e28dffa71fe5', 'ПП_ПРЬ');
INSERT INTO `lolik_web`.`parametr_sistemi` (`parametr_sistemi_id`, `kluch`, `znachenie`, `opisanie`) VALUES (4, 'ПП_ПОД', '90c6119bf07e7c97be6025119fb7c838fd44c06b0e5086bb251e9a007e3d1aebb92aa1f6fd07284748deb1378c23edc1eae2918956a20e71efb7471454166054', 'ПП_ПОД');
INSERT INTO `lolik_web`.`parametr_sistemi` (`parametr_sistemi_id`, `kluch`, `znachenie`, `opisanie`) VALUES (5, 'ПП_ОКР', 'a6666d72f9557049b3a6067afed21067', 'ПП_ОКР');
INSERT INTO `lolik_web`.`parametr_sistemi` (`parametr_sistemi_id`, `kluch`, `znachenie`, `opisanie`) VALUES (6, 'ПП_ВВД', '9182736455463728', 'ПП_ВВД');
INSERT INTO `lolik_web`.`parametr_sistemi` (`parametr_sistemi_id`, `kluch`, `znachenie`, `opisanie`) VALUES (7, 'РБТ_ПОЧТА', 'sergei.shurpenkov@gmail.com', 'Почта для автоматизированной посылки писем');